V1,V2,V3,V4,V5,V6,V7,V8,V9,V10,V11,V12,V13
36553.12890625,36859.008,36919.9,37099.945,36941.145,36931.227,36916.31,36686.387,37576.16,36668.027,37155.387,37143.406,36685.805
3624.2197265625,3663.2466,3669.8638,3695.5576,3672.4114,3672.032,3674.1187,3640.789,3751.1465,3642.3157,3700.1917,3694.7812,3634.6753
9704.916015625,9724.258,9713.737,9700.553,9638.474,9662.255,9713.138,9635.392,9625.516,9666.91,9704.209,9675.939,9675.948
2095.1884765625,2058.082,2165.516,2162.2627,2182.966,2123.9822,2215.0686,2071.0037,2271.7385,2159.3699,2196.02,2142.9077,2138.6226
1571.28076171875,1685.4359,1585.8951,1638.953,1702.9191,1651.0776,1650.5332,1421.369,1657.9778,1577.9878,1696.605,1626.4927,1457.7437
510.4252014160156,457.313,519.69885,491.88257,496.51004,429.72998,520.16516,434.2633,528.98413,498.8974,501.12894,478.24686,370.4811
3298.842529296875,3104.457,3099.8872,3119.812,3203.0322,3106.4583,3316.3643,2972.3015,3060.2405,3237.1816,3350.5015,3091.731,3033.0896
2804.79248046875,2785.519,2506.2944,2484.761,2600.5854,2494.6533,2580.3535,2474.388,2511.675,2584.0786,2648.4019,2506.675,2362.3296
7329.49560546875,6967.685,6760.6475,6737.6523,6634.4766,6526.3257,6752.353,6658.2817,6491.707,6702.3965,6850.7954,6602.8804,6636.8696
5242.1865234375,5177.547,5222.1357,5286.0493,5142.8403,5135.221,5136.0786,5118.484,5106.501,5124.9663,5177.7476,5128.252,5197.8315
336.88763427734375,343.0604,349.99844,333.9738,338.78217,320.76938,341.7123,294.60205,383.6848,316.09216,351.36963,356.53882,299.10333
1052.426025390625,1054.9772,1050.5082,1074.7249,1063.8357,1063.616,1058.0242,1054.4502,1059.2712,1049.8053,1055.434,1044.1018,1051.9252
2412.340087890625,2339.3281,2370.756,2382.7302,2322.6433,2303.4507,2325.9502,2280.6692,2274.2354,2287.927,2332.256,2335.388,2342.3193
2408.29296875,2350.2554,2367.1711,2387.4802,2320.3423,2308.518,2333.596,2282.1711,2276.1187,2297.4858,2337.6494,2337.5142,2344.0515
5124.119140625,4613.3613,4789.6025,4983.232,4463.0337,4354.5547,4479.804,4208.1895,4105.027,4188.395,4515.496,4500.6885,4588.4062
5124.119140625,4613.3613,4789.6025,4983.232,4463.0337,4354.5547,4479.804,4208.1895,4105.027,4188.395,4515.496,4500.6885,4588.4062
12154.6181640625,12127.58,12152.674,12200.97,12115.194,12116.863,12114.957,12095.861,12089.048,12129.693,12147.024,12093.709,12157.329
4331.26025390625,4334.3955,4347.0103,4325.436,4346.279,4272.842,4314.233,4243.0645,4414.247,4286.968,4339.784,4357.8037,4236.7188
2704.27294921875,2844.2156,2730.869,2918.1233,2927.4194,2840.0613,3107.3196,2741.2397,3072.074,2910.6216,3058.078,2779.0513,2901.1743
4261.9365234375,4208.672,4212.652,4226.141,4362.479,4263.8447,4403.836,4171.831,4443.1855,4364.6943,4585.4653,4292.9995,4255.962
2054.656494140625,1991.4193,2035.3905,2066.9363,2121.6929,1956.6608,2070.0234,1800.0414,2080.8015,2027.75,2198.7302,2081.9219,1966.4689
3615.715576171875,3610.4407,3652.344,3700.8286,3792.1235,3609.494,3746.3208,3331.042,3418.1313,3775.5906,3527.6853,3406.2122,3212.1313
755.0673828125,758.25476,764.0984,782.6021,789.7696,779.3177,790.76935,754.6595,794.8817,788.98206,797.12915,763.18353,752.65857
7068.119140625,6900.333,6798.4736,7199.9565,6917.2974,6890.828,7192.6997,6580.215,6999.6143,7008.4497,7211.2017,6832.3164,6986.515
1265.9842529296875,1180.0156,1185.705,1165.6764,1150.198,1109.7355,1136.0526,1082.5244,1065.1407,1110.1581,1170.0962,1133.0894,1107.4763
2732.9580078125,2832.787,2818.2415,2814.4211,2839.623,2751.1506,2866.0073,2682.9194,2815.6301,2794.7778,2877.9556,2750.5295,2676.817
2057.610595703125,1748.8284,1949.6891,1855.909,1913.4304,1636.2238,2038.5852,1704.22,2259.158,1737.3132,2352.0723,1962.8911,1839.8905
4415.83056640625,4441.366,4237.0146,3963.394,4241.517,4111.504,4445.242,4146.8716,3901.2341,4394.1733,4404.634,4247.945,4136.4214
705.64501953125,641.0031,672.2595,635.2816,645.8419,606.37964,676.43115,633.99097,677.9519,635.4581,660.0942,653.744,620.46625
3623.4443359375,3590.6067,3594.9329,3688.3245,3735.634,3619.0535,3605.304,3355.6714,3508.2559,3725.1423,3512.4707,3439.5454,3216.6743
894.1218872070312,869.8275,821.0018,818.7043,856.4718,799.40515,777.78424,768.2309,751.6369,775.2422,826.1615,767.11487,743.8364
4339.3017578125,4247.899,4118.3677,4021.5864,4064.7568,4052.4531,4234.0464,3746.6807,3985.0686,4197.9824,4315.974,4094.6145,4006.5386
1559.3609619140625,1536.1595,1477.468,1455.8175,1475.4476,1457.4658,1501.0277,1354.2747,1532.3618,1508.8643,1543.2906,1427.8507,1299.0054
1275.907470703125,1237.9371,1180.3998,1187.1641,1185.1604,1137.0326,1178.3484,1148.56,1145.0972,1156.1241,1185.7008,1168.339,1128.5023
1106.32470703125,1111.2677,1093.1862,1020.0196,1095.1483,1057.5787,1115.597,1032.5656,1146.5756,1076.0852,1145.6403,1096.9647,1063.7845
17208.103515625,16402.428,16455.951,17759.824,16980.494,16112.051,15592.867,16706.504,16755.97,15619.504,15751.411,15219.306,14973.2295
2928.917724609375,2900.5298,2892.0027,2877.7925,2889.692,2866.423,2900.2424,2868.7515,2894.872,2859.5076,2899.1104,2888.9185,2869.4197
3090.707763671875,3088.1165,3107.3682,3088.7607,3092.495,3079.145,3115.6855,3049.4248,3146.9978,3070.7285,3108.1086,3115.4731,3062.3472
5889.5927734375,5818.212,5837.691,5869.7783,5777.773,5749.09,5766.841,5765.916,5743.069,5719.847,5777.143,5776.0005,5790.2266
5884.37890625,5812.9946,5833.025,5864.8726,5773.088,5743.9414,5761.4595,5759.89,5737.942,5714.4653,5771.8955,5771.236,5785.1465
6176.04052734375,6175.6646,6208.6216,6221.31,6195.6587,6191.915,6208.8335,6198.4414,6202.9497,6186.427,6196.7646,6192.0664,6206.307
6187.50390625,6187.9556,6219.2905,6232.3765,6206.619,6204.119,6220.897,6211.6567,6215.244,6198.878,6208.1655,6202.459,6218.0225
6181.72705078125,6181.801,6213.956,6226.815,6201.1587,6198.043,6214.8643,6205.057,6209.1157,6192.736,6202.4966,6197.286,6212.1484
5879.17333984375,5807.7573,5828.371,5859.9478,5768.4043,5738.8037,5756.098,5753.8696,5732.797,5709.0713,5766.661,5766.4917,5780.0645
2923.875,2895.7764,2932.4243,2909.2703,2921.1868,2905.3672,2923.312,2887.878,2964.7153,2884.2173,2926.7258,2918.2422,2910.5137
3339.087646484375,3317.6816,3324.1387,3346.417,3340.9924,3317.3083,3331.9114,3317.0679,3320.932,3295.6816,3336.2192,3310.2893,3313.4148
2922.97509765625,2894.7166,2931.174,2908.439,2920.2842,2904.482,2922.3286,2887.0723,2963.786,2883.294,2925.8738,2917.3076,2909.7273
3095.99462890625,3086.3975,3078.5942,3126.061,3057.9753,3037.9624,3048.3237,3054.7478,3040.4768,3007.7725,3031.2349,3052.089,3042.6394
3254.057861328125,3224.7017,3265.614,3243.1758,3256.7546,3237.312,3253.677,3211.435,3308.854,3208.496,3266.9158,3251.357,3235.737
3255.080078125,3225.8179,3266.9036,3244.0623,3257.6838,3238.373,3254.752,3212.348,3309.886,3209.4932,3267.9055,3252.347,3236.6555
6712.24609375,6676.814,6674.3726,6695.646,6676.6724,6657.12,6667.385,6691.91,6670.2534,6691.5728,6673.0044,6673.8843,6659.546
7112.39697265625,7091.7266,7130.354,7145.847,7167.1665,7137.0537,7144.1865,7121.939,7193.965,7153.934,7157.5264,7124.279,7074.5938
2052.48681640625,1922.0803,1955.1494,2020.1377,1894.3541,1836.824,1833.5806,1838.616,1834.262,1786.146,1880.3815,1847.3944,1863.2325
2493.315673828125,2495.1592,2510.46,2506.0686,2509.2717,2498.1433,2516.6956,2491.004,2530.0007,2493.4211,2517.129,2510.7856,2496.993
4876.39697265625,4842.104,4858.8677,4929.2485,4905.7173,4918.886,4896.294,4797.711,4767.3525,4858.22,4869.309,4734.0576,4840.8716
3197.3017578125,2855.7166,3001.4463,3130.0503,2673.2317,2551.9202,2607.1917,2713.6877,2604.558,2487.557,2714.8337,2740.6453,2774.573
2364.31201171875,2363.2087,2409.2314,2502.2402,2393.0857,2376.7854,2329.934,2384.7117,2387.3748,2356.847,2370.5706,2367.5112,2395.1816
3335.162841796875,3371.9746,3438.8003,3463.7922,3483.9314,3433.0105,3493.529,3330.916,3609.2961,3426.0635,3512.0703,3451.7666,3323.6438
2479.343505859375,2164.8618,2431.4094,2516.858,2283.319,2070.8364,1936.3395,2080.8552,2137.4697,2018.8706,2130.463,2110.0645,2099.1404
9046.2333984375,9016.065,9028.72,9047.228,9009.254,8990.609,8980.672,9008.482,8998.18,9014.56,9017.374,9007.483,8993.947
10867.115234375,10862.333,11032.037,11185.284,10874.342,10789.506,10802.082,10552.17,10488.339,10618.965,10694.418,10789.079,10613.115
7107.35791015625,7055.9517,7098.4204,7134.689,7080.4946,7029.838,7045.0654,7060.73,7080.716,7043.6504,7070.984,7066.318,7088.374
6022.578125,6040.497,6108.9224,6129.571,6093.888,6042.6445,6076.5415,6010.7573,6052.5093,6039.3,6054.591,6067.4355,6061.3403
14044.19140625,13410.723,13541.656,14005.217,13589.689,13230.65,13291.748,13572.529,13630.102,13227.769,13335.793,13285.317,13336.434
19536.14453125,18781.557,18930.246,19463.76,18980.281,18554.014,18658.303,18979.24,19052.748,18572.158,18698.9,18646.518,18712.438
7424.14306640625,7435.7427,7428.053,7419.3823,7352.6323,7373.867,7421.067,7349.0005,7336.8076,7377.2026,7416.237,7389.194,7391.3657
13463.8603515625,13301.845,13381.521,13511.355,13218.999,13180.337,13206.711,13239.308,13208.165,13203.721,13296.662,13277.801,13356.612
6922.87158203125,6967.5186,6966.987,6976.0645,6960.6147,6949.669,6969.9575,6855.7075,7057.5967,6920.037,6976.9194,6985.29,6862.0195
6937.396484375,6972.978,6969.3223,6978.209,6962.915,6931.0117,6969.512,6852.096,7056.0864,6918.4443,6979.9883,6990.909,6845.665
2610.0087890625,2615.5671,2615.796,2620.8167,2614.835,2615.0405,2614.4336,2605.254,2626.7068,2608.39,2615.9932,2614.6577,2605.729
1969.9102783203125,2020.7723,2018.8516,1990.6923,2019.6974,2027.2603,2096.6396,1899.5243,2155.008,1984.7244,2085.8276,2040.5753,1932.8872
1970.0443115234375,2020.8789,2018.8754,1990.7448,2019.7155,2027.2648,2096.6152,1899.5391,2154.9678,1984.7343,2085.8184,2040.6533,1932.8417
1969.9102783203125,2020.7723,2018.8516,1990.6923,2019.6974,2027.2603,2096.6396,1899.5243,2155.008,1984.7244,2085.8276,2040.5753,1932.8872
5069.583984375,4476.9785,4683.837,4793.334,4358.5244,4215.539,4323.5596,4119.9077,4058.1553,4085.8086,4391.0537,4357.914,4473.343
24600.470703125,24516.465,24482.533,24779.318,24615.41,24464.328,24728.598,24565.553,24785.89,24650.459,24733.363,24500.137,24708.725
509.2840881347656,574.283,631.3447,654.62,621.556,616.6769,646.3873,531.58514,754.7933,546.86255,645.5603,656.8647,552.3729
3844.63232421875,3726.7039,3863.2263,3814.0808,3699.5002,3605.8264,3711.1985,3549.1372,3507.2178,3632.2336,3739.6506,3740.9136,3682.9138
3781.87451171875,3706.2031,3709.6587,3684.901,3592.7004,3564.8367,3679.8406,3474.9404,3504.4568,3639.5269,3705.407,3646.5981,3641.9836
1440.9263916015625,1280.7842,1255.8624,1230.5559,1181.0708,1073.6007,1205.3431,1113.8074,1149.9052,975.1039,1188.1414,1164.2406,1062.035
1526.24462890625,1368.3628,1349.3392,1286.8586,1260.2328,1134.391,1270.4287,1214.079,1168.5056,1042.4158,1270.1268,1222.22,1140.3622
24506.353515625,24461.133,24505.912,24650.635,24571.746,24380.113,24660.158,24442.37,24608.352,24519.861,24638.984,24375.238,24580.91
4421.96728515625,4424.191,4425.4634,4422.918,4422.596,4421.8057,4425.0156,4417.768,4428.301,4419.593,4425.9844,4425.2104,4421.087
6260.97900390625,6016.949,6220.303,6332.669,5932.6953,5855.7183,5763.6567,5890.007,5826.02,5774.184,5916.0786,5950.0674,5964.828
6266.6982421875,6028.0386,6234.1826,6337.6167,5943.2695,5867.604,5770.5938,5896.618,5834.388,5782.8657,5920.7188,5958.9434,5969.8076
17607.056640625,17427.1,17525.467,17702.459,17329.76,17293.697,17320.42,17337.527,17322.045,17343.879,17431.158,17370.117,17513.043
17595.310546875,17426.24,17529.605,17706.938,17344.172,17306.793,17332.137,17347.646,17332.504,17356.56,17440.223,17373.17,17521.373
1087.287353515625,1087.6741,1088.7235,1089.6593,1087.391,1087.7515,1086.6224,1087.0924,1087.1251,1087.9858,1088.0503,1086.755,1087.0731
12064.2001953125,11993.721,11999.384,12037.716,11994.2295,11953.698,11980.656,11970.878,11987.235,11987.13,12004.109,11984.657,12014.602
1220.8687744140625,1239.9164,1242.954,1237.0819,1236.1956,1243.365,1245.6884,1232.1774,1232.7001,1227.8788,1233.552,1236.5116,1230.496
1875.134521484375,1874.1376,1883.3784,1890.8416,1885.3334,1885.4448,1873.2054,1871.8716,1866.7902,1874.2935,1873.357,1869.1753,1866.1763
19965.05859375,19975.398,20069.107,20138.229,20086.658,20094.775,19971.45,19953.756,19890.602,19971.467,19965.031,19926.102,19889.947
23448.34765625,23908.805,23740.072,23961.621,23761.068,23897.955,23893.643,23373.014,24287.5,23608.45,24001.756,23905.783,23493.559
1748.279052734375,1737.4177,1742.3398,1748.7261,1734.1315,1729.5648,1728.0449,1732.2869,1731.3577,1730.4924,1735.5483,1732.4443,1737.6084
1837.115234375,1818.3306,1803.073,1813.5623,1799.753,1799.4728,1812.0944,1785.393,1776.8912,1778.7314,1801.9362,1790.9253,1775.0757
1665.5103759765625,1606.3549,1601.1257,1612.3512,1570.6486,1559.2355,1571.5061,1547.1284,1529.5375,1528.0322,1577.4822,1563.0118,1559.817
11354.9912109375,11321.063,11324.024,11363.565,11301.936,11284.733,11296.219,11311.148,11310.728,11294.302,11322.953,11290.485,11316.761
486.59710693359375,502.8007,503.1316,511.60587,506.0423,507.34183,506.81717,487.65927,505.973,491.47906,497.0377,502.91385,489.1517
622.6159057617188,638.3566,640.5225,649.69867,643.27875,642.7317,642.6269,627.75195,638.88434,627.25574,631.1535,636.8207,625.41815
15169.974609375,15260.222,15422.392,15478.995,15432.976,15391.215,15496.175,15214.258,15787.153,15267.939,15547.55,15512.942,15239.985
11422.3369140625,11407.723,11425.276,11397.997,11411.194,11378.254,11440.887,11349.133,11417.311,11396.204,11443.681,11417.237,11407.024
9865.43359375,9798.265,9811.735,9852.126,9758.606,9727.735,9741.5625,9756.405,9746.376,9725.841,9771.487,9748.463,9773.86
16051.962890625,15839.21,15882.517,15982.571,15819.144,15730.901,15739.238,15755.988,15782.286,15711.482,15784.733,15803.783,15820.2705
4172.4814453125,4123.6177,4115.0996,4143.3945,4139.9565,4097.6875,4112.4976,4089.1465,4132.1104,4103.509,4131.839,4091.658,4112.0356
1034.3280029296875,1039.7073,1053.0482,1049.366,1050.1785,1045.5983,1057.513,1029.2568,1077.073,1040.7267,1059.512,1056.586,1030.9198
9197.4091796875,9165.793,9176.11,9197.07,9149.2705,9137.013,9140.004,9135.917,9140.086,9143.066,9161.017,9154.864,9167.462
2161.590576171875,2152.566,2156.5603,2162.119,2150.5696,2146.4,2145.0278,2149.0662,2148.5808,2147.6377,2151.5513,2148.389,2153.2712
23999.44140625,23817.473,23904.889,23979.4,23738.842,23690.156,23640.174,23637.994,23623.367,23600.42,23726.617,23717.047,23746.531
16062.0712890625,16045.013,16054.492,16101.602,16031.411,16021.27,16012.722,16028.466,16025.379,16021.943,16039.463,16009.478,16038.548
14294.310546875,14282.902,14290.411,14334.851,14275.587,14266.211,14256.18,14270.299,14272.905,14263.956,14281.213,14248.79,14275.202
7325.154296875,7256.429,7305.177,7318.261,7233.148,7213.7266,7192.155,7186.8257,7178.042,7178.741,7225.2354,7227.76,7232.7656
1072.84814453125,1073.4264,1074.3615,1075.185,1073.306,1073.5708,1072.5427,1072.9524,1073.0836,1073.877,1073.8462,1072.6266,1072.7329
9560.6865234375,9493.966,9507.73,9545.499,9486.456,9462.854,9471.822,9467.047,9480.134,9479.879,9495.322,9485.736,9507.841
726.2060546875,729.90466,739.7816,735.4277,738.46454,728.5438,736.3967,723.24084,742.77124,731.8147,737.2114,735.7363,721.8065
10630.111328125,10572.457,10597.282,10643.004,10584.297,10576.709,10576.759,10528.138,10522.303,10591.995,10598.86,10549.438,10596.756
11348.2177734375,11302.806,11324.61,11369.165,11325.906,11308.553,11317.335,11266.446,11256.44,11332.311,11335.848,11276.82,11323.863
14679.4375,14786.719,14679.253,14848.241,14743.969,14726.416,14805.516,14646.835,14869.937,14740.164,14946.998,14672.2,14672.836
7143.5576171875,7066.6187,7106.9614,7164.1113,7040.294,7012.868,7014.1724,7024.2983,7021.459,7008.0,7044.321,7052.8726,7077.1147
1747.605712890625,1736.6748,1741.6597,1748.0717,1733.3932,1728.7589,1727.1927,1731.5143,1730.5402,1729.6082,1734.7301,1731.6394,1736.8003
1054.2802734375,1044.3353,1035.7474,1048.3643,1033.3617,1034.7616,1040.0748,1021.7642,1017.35516,1016.0817,1031.6069,1027.4067,1016.14636
910.2286376953125,866.1399,867.39557,880.3157,837.24585,829.6217,835.9606,819.3331,806.17395,803.58325,842.3671,834.4794,835.9282
10428.146484375,10373.421,10382.6,10423.963,10340.529,10321.104,10332.755,10343.329,10339.8,10326.243,10362.37,10332.631,10363.882
365.62445068359375,360.92468,369.18036,369.23846,367.0531,359.06073,368.6936,357.1401,359.49146,362.20444,364.09384,364.08493,360.41635
477.0306091308594,471.08252,479.82224,481.6642,476.3201,469.43405,478.04657,467.47543,466.77502,470.12302,473.84195,474.46695,471.32654
8490.95703125,8514.328,8575.575,8606.728,8599.888,8574.981,8592.411,8563.63,8673.324,8564.715,8605.3125,8590.434,8551.846
10883.67578125,10880.156,10881.124,10868.713,10859.063,10857.947,10891.034,10826.869,10863.047,10872.31,10904.752,10863.337,10875.144
9579.8427734375,9517.763,9526.471,9564.396,9479.47,9457.362,9470.23,9476.502,9472.477,9457.51,9499.341,9470.874,9499.579
11146.5927734375,10922.329,10958.695,11047.868,10905.324,10821.692,10864.517,10867.986,10893.19,10855.835,10905.977,10908.214,10936.084
3669.327392578125,3630.7566,3614.5452,3656.5596,3638.8965,3601.2874,3599.2708,3602.828,3640.2776,3605.3154,3638.0852,3587.134,3607.0322
1015.7450561523438,1020.7369,1033.7751,1030.391,1031.6605,1027.019,1038.2762,1010.8654,1057.1323,1022.3071,1040.4956,1037.1603,1012.1907
8185.37939453125,8158.465,8164.998,8182.2446,8141.6885,8131.7686,8136.5747,8130.7856,8134.162,8134.3804,8151.9478,8147.5312,8156.7393
2160.52880859375,2151.4365,2155.4902,2161.0776,2149.4429,2145.208,2143.7861,2147.9045,2147.3738,2146.3662,2150.346,2147.2004,2152.0757
22695.30078125,22536.113,22596.596,22651.836,22468.402,22422.174,22378.324,22377.88,22361.033,22338.951,22448.146,22435.102,22452.328
13895.4306640625,13838.013,13849.931,13892.244,13800.571,13786.188,13795.353,13796.333,13798.066,13796.717,13832.007,13796.883,13835.345
12134.0859375,12081.34,12091.188,12129.899,12050.016,12035.602,12043.252,12046.08,12048.119,12045.275,12077.917,12041.741,12076.765
6165.48876953125,6121.21,6140.7275,6134.4473,6104.4604,6085.0464,6071.0483,6069.5444,6054.9697,6060.214,6088.479,6086.5557,6078.0986
6528.92626953125,6376.783,6487.212,6586.445,6298.0864,6257.5913,6252.0044,6274.345,6243.861,6212.189,6330.212,6331.5923,6380.8926
7061.25927734375,7018.337,7024.492,7042.922,7009.1836,6994.905,7002.71,6994.8403,7003.205,7005.991,7016.2256,7010.7275,7023.014
352.0087585449219,355.81552,363.1036,360.97702,362.14697,356.39352,360.19223,349.3054,363.8589,354.82373,359.23178,359.53406,349.6926
7984.8486328125,7911.665,7914.6997,7961.1772,7894.6074,7899.984,7895.1875,7837.63,7837.8857,7892.1943,7912.2627,7874.4863,7904.899
8333.6318359375,8270.595,8274.015,8316.5625,8263.047,8265.398,8263.272,8201.952,8195.651,8256.709,8273.449,8237.971,8266.734
11111.2216796875,11241.818,11177.836,11256.123,11201.501,11232.995,11278.705,11014.226,11349.289,11187.594,11362.798,11205.687,11099.273
5476.5654296875,5410.3247,5447.0054,5493.595,5388.0107,5362.9565,5363.8516,5375.2515,5371.677,5358.3916,5390.164,5399.5625,5418.8877
11378.7978515625,11313.645,11350.285,11386.16,11300.517,11269.672,11254.199,11287.135,11279.071,11273.546,11305.668,11282.677,11317.619
1029.361572265625,1019.7223,1011.3587,1023.95465,1008.71094,1010.32275,1015.2593,997.0403,992.5954,991.163,1006.9199,1002.70483,991.50916
8897.14453125,8459.635,8476.931,8604.692,8171.9443,8098.048,8155.5215,7993.4736,7859.9355,7833.5,8221.866,8144.139,8158.771
6748.34375,6717.092,6719.561,6746.5625,6699.246,6688.22,6697.542,6701.5557,6703.613,6693.668,6717.0405,6692.614,6712.9595
130.17776489257812,126.15313,128.11478,129.05688,130.3093,124.43684,130.53833,125.25443,127.94788,126.37168,127.88746,126.0609,128.01854
233.37405395507812,228.0986,230.17126,233.22522,231.68332,225.85046,230.63367,226.67966,227.7303,225.99135,228.65894,228.65077,230.02968
4425.0556640625,4450.225,4523.254,4546.3887,4541.1587,4516.617,4539.863,4488.4014,4636.8936,4494.0513,4549.4897,4544.537,4481.9087
8070.6357421875,8068.223,8060.0195,8047.561,8052.4116,8050.339,8075.02,8023.246,8064.7217,8059.261,8094.225,8058.0454,8058.1167
6308.8662109375,6268.797,6271.3867,6295.075,6244.062,6229.8877,6239.816,6240.828,6241.099,6231.0356,6258.8613,6237.1714,6255.526
8593.119140625,8402.474,8424.257,8479.662,8369.147,8299.999,8346.944,8341.332,8360.009,8335.343,8388.74,8382.715,8406.925
2993.692138671875,2963.277,2940.8276,2976.5269,2973.3982,2936.812,2935.5571,2932.4414,2976.9534,2939.1953,2970.263,2922.3918,2938.551
8692.931640625,8747.583,8864.857,8814.375,8834.17,8792.692,8901.158,8629.118,9074.715,8744.385,8914.082,8890.473,8650.99
4615.888671875,4574.4453,4588.2876,4609.385,4550.3394,4533.9067,4534.6045,4530.223,4528.4795,4519.7573,4553.657,4553.5464,4558.3076
5462.6455078125,5444.9985,5444.5913,5456.236,5432.7476,5421.4604,5426.0654,5421.178,5424.051,5420.793,5436.8623,5433.349,5436.6216
1430.84326171875,1426.2299,1428.8452,1431.5809,1426.5094,1423.9073,1422.5974,1425.4661,1425.4098,1424.7042,1426.4445,1424.1973,1427.2532
16625.984375,16447.06,16528.59,16596.236,16367.113,16311.638,16265.892,16272.145,16249.365,16220.633,16346.478,16342.57,16362.103
9263.5625,9228.224,9230.755,9257.223,9205.827,9199.201,9208.411,9201.3,9208.379,9208.405,9230.746,9200.172,9227.404
8046.08056640625,8012.859,8014.7993,8039.1606,7994.7104,7986.703,7994.923,7989.2773,7996.8213,7994.171,8017.4062,7985.375,8009.744
12185.4365234375,12062.286,12108.857,12173.809,12007.38,11966.386,11946.378,11953.026,11936.521,11908.135,11994.166,11987.997,12009.749
4441.29150390625,4384.412,4420.0654,4425.1284,4361.7354,4341.495,4321.0522,4321.5728,4310.019,4310.503,4350.121,4350.5356,4349.6797
3792.097412109375,3789.739,3792.2559,3798.4978,3785.6763,3788.6282,3782.6384,3785.238,3783.4531,3791.3298,3794.0122,3782.7212,3787.211
24986.20703125,24751.912,24829.068,25041.316,24775.73,24675.99,24676.93,24724.277,24752.746,24721.055,24776.592,24726.596,24823.605
3750.9404296875,3747.7114,3770.2979,3754.3958,3775.367,3728.242,3780.9321,3741.3188,3793.3208,3764.7378,3786.5518,3766.4087,3711.1094
2613.9931640625,2610.7234,2643.5745,2667.628,2667.5115,2628.9753,2650.4814,2639.1145,2659.2705,2648.431,2651.6846,2626.6956,2629.1846
2987.0234375,2982.8203,3015.583,3038.6646,3040.6152,2999.331,3026.5725,3011.1497,3036.0376,3022.7766,3028.5,2999.166,2997.9587
3686.1572265625,3618.5515,3626.0747,3695.0183,3542.26,3506.196,3534.1594,3604.108,3553.6553,3520.968,3603.6543,3537.991,3588.712
1666.859375,1655.727,1660.3057,1670.854,1652.5176,1649.8717,1650.1432,1648.8047,1649.7397,1649.3824,1654.1423,1653.2867,1658.3315
3619.701904296875,3592.706,3604.4497,3624.9204,3579.2964,3574.4192,3572.256,3571.086,3570.4377,3569.1245,3584.6682,3583.6023,3592.7822
6097.2763671875,6052.3735,6065.5874,6094.549,6033.795,6017.6777,6017.542,6028.0435,6027.435,6021.581,6041.473,6032.925,6050.525
3680.16796875,3656.3926,3663.3252,3679.0107,3641.6675,3633.3298,3635.6467,3642.0833,3637.0232,3631.9487,3647.9426,3640.4146,3650.7483
3417.03759765625,3544.6597,3506.3481,3632.7927,3539.7244,3555.2527,3460.5256,3427.7312,3684.177,3477.4778,3515.6772,3535.2083,3338.3167
2821.201416015625,2816.6296,2822.7903,2829.221,2812.9712,2806.5854,2816.907,2802.026,2805.5713,2807.3147,2814.6558,2814.3518,2817.431
3271.196533203125,3249.1438,3255.1487,3269.8413,3235.606,3227.6687,3230.2124,3236.3596,3231.6555,3226.5764,3241.3445,3233.947,3243.7617
2553.965087890625,2518.2117,2537.4653,2571.9146,2540.399,2522.5776,2518.357,2523.3113,2533.5,2517.8987,2514.1462,2516.602,2524.6165
6819.306640625,6732.61,6757.999,6835.6514,6680.8003,6678.299,6666.092,6684.986,6664.097,6684.154,6735.8687,6682.742,6722.8
1466.0721435546875,1460.6964,1474.0035,1487.9769,1484.2117,1475.8076,1480.9854,1476.0662,1498.6406,1479.9062,1491.8992,1479.285,1468.9724
2725.968994140625,2715.066,2721.0107,2726.25,2711.123,2707.5925,2710.704,2709.9832,2709.6562,2712.9575,2716.6597,2714.1216,2719.3965
7295.95458984375,7248.2227,7263.449,7294.8774,7228.3784,7211.646,7210.5938,7221.371,7220.76,7215.218,7236.451,7227.8804,7246.8306
8810.5361328125,8808.477,8808.051,8809.512,8809.437,8812.259,8817.594,8795.243,8823.204,8815.026,8817.673,8808.571,8792.167
1338.292236328125,1315.3915,1319.5624,1324.2302,1302.208,1295.7297,1304.0499,1293.8071,1293.8383,1302.4382,1313.535,1307.3096,1313.2073
6106.22314453125,6112.486,6107.87,6105.0776,6103.469,6105.72,6117.723,6077.964,6132.4844,6102.27,6115.463,6111.6777,6077.5522
4633.19580078125,4609.4165,4619.8403,4636.8423,4594.882,4587.755,4586.908,4595.5503,4590.365,4588.8643,4602.663,4596.686,4607.49
4089.209716796875,4068.3828,4076.9863,4092.3347,4055.517,4049.109,4048.7036,4057.497,4052.1003,4050.491,4062.3901,4056.2043,4066.2808
1754.2489013671875,1757.5154,1754.2421,1748.2106,1749.0533,1743.2311,1758.7192,1727.4536,1769.1897,1741.7211,1756.3425,1757.2349,1726.8972
943.3252563476562,955.84674,966.4473,965.7462,962.74335,961.57904,970.21686,930.8529,1002.11035,946.6615,973.68243,975.15485,938.8653
2289.258056640625,2325.988,2321.9263,2313.5874,2303.162,2295.3635,2336.1924,2185.6785,2427.3894,2257.5117,2347.6736,2351.3997,2223.765
2040.776123046875,2054.1404,2026.5399,2033.7374,2037.5446,2038.8534,2025.31,1985.2589,2067.6213,2036.1533,2030.479,2029.9943,1955.4438
456.5924072265625,464.06934,467.60617,468.5198,466.84024,466.6973,467.7593,450.8977,485.14816,457.04193,471.35477,472.814,456.10275
6712.796875,6826.4844,6784.278,6710.4204,6714.335,6658.185,6816.615,6379.844,6996.682,6628.8735,6805.4946,6836.148,6363.215
1189.7431640625,1215.4918,1211.0562,1206.7328,1197.4211,1184.1665,1208.7207,1116.6193,1279.628,1156.8951,1221.7255,1230.3191,1146.4391
5830.06884765625,5831.528,5806.2324,5829.101,5835.2715,5831.167,5862.156,5764.1997,5839.3774,5842.5283,5846.1606,5776.9897,5769.756
509.7384033203125,520.7572,525.88336,521.0621,520.54834,522.3001,537.79443,489.1261,560.3401,509.87454,538.58496,533.97626,499.404
1002.2402954101562,1027.4432,1069.167,1075.3634,1064.2378,1048.2319,1068.3745,994.57605,1158.9451,1008.4699,1084.7148,1091.3643,1010.2909
9984.7001953125,10265.229,10753.775,10786.232,10706.651,10571.498,10928.132,9887.51,11734.614,10253.54,10999.261,10948.284,10042.768
3463.2353515625,3537.9575,3623.9011,3620.1648,3583.0618,3530.837,3637.8826,3333.3848,3885.154,3433.825,3677.3281,3694.3096,3403.4446
2410.1416015625,2443.1125,2427.3005,2437.8062,2421.0195,2439.148,2424.1023,2377.4844,2478.3772,2421.4385,2420.2175,2425.5225,2355.9268
829.78515625,845.3244,852.27386,853.4388,862.20013,859.86914,861.9453,831.1377,882.5281,852.7538,860.50854,845.86035,835.59766
1940.2147216796875,1961.4037,1922.3921,1997.0061,2075.6797,2069.5955,2035.623,1934.2257,2122.541,2067.0825,2130.6018,1999.7396,1974.5056
2001.073486328125,2053.346,2146.4448,2154.3174,2135.8342,2106.7578,2160.4255,1985.3173,2333.9272,2033.8156,2183.3452,2187.8813,2015.4011
4285.2646484375,4375.1157,4475.0293,4466.544,4432.2744,4401.5522,4500.426,4171.332,4761.2573,4290.211,4535.1543,4544.2446,4245.3457
5687.083984375,5844.3623,5919.7925,6046.505,5997.4336,6068.562,6060.285,5898.3022,6209.2583,5909.552,6002.624,5972.856,5934.6714
7355.16357421875,7320.792,7340.0815,7362.431,7295.82,7299.006,7290.362,7275.3506,7269.5654,7283.95,7313.276,7304.7983,7320.706
13045.37109375,12601.685,12852.864,13110.802,12259.972,12172.591,12256.637,12086.765,12069.788,12159.738,12490.349,12479.916,12606.29
1145.2235107421875,1064.1396,1089.0713,1150.3788,1001.98486,984.77594,1012.42035,993.7311,989.32324,994.8633,1039.0012,1040.1705,1071.856
11583.458984375,11034.424,11363.259,11777.347,10634.321,10460.012,10435.174,10430.281,10276.871,10357.956,10926.317,10479.483,11101.359
27984.275390625,26984.44,27167.318,28545.49,27610.926,26640.607,25994.447,27308.57,27184.22,25948.713,26120.125,25714.875,25586.969
4270.76025390625,4238.9014,4273.982,4327.8804,4270.185,4255.78,4254.2603,4242.6367,4239.2285,4293.1807,4296.814,4207.9634,4282.9326
8401.3876953125,8168.6304,8294.663,8482.408,7980.3696,7939.5625,7987.5234,7917.958,7935.3267,8011.7344,8169.43,8093.8843,8228.63
19445.07421875,18844.838,19140.932,19488.035,18513.703,18396.445,18322.81,18299.41,18252.281,18244.754,18642.885,18605.242,18777.602
5529.435546875,5491.411,5515.1934,5560.7935,5470.1104,5462.312,5472.8594,5468.2925,5457.511,5472.4023,5503.075,5446.195,5510.731
3449.052001953125,3414.4155,3362.4482,3450.1873,3368.0605,3394.68,3436.0576,3382.5767,3390.9055,3413.5403,3435.1128,3350.3152,3425.207
1791.7843017578125,1802.7806,1799.3475,1803.0781,1774.0706,1787.2133,1773.2285,1764.5812,1790.0162,1742.1934,1780.2898,1772.8561,1764.1826
2385.037109375,2369.0955,2386.5273,2397.5518,2368.8176,2362.4321,2357.8235,2360.4727,2358.4512,2364.017,2370.059,2362.939,2375.189
3169.640625,3152.5352,3170.1262,3182.0513,3150.2666,3143.741,3139.287,3141.317,3138.9504,3145.3657,3152.8098,3143.984,3158.0168
9944.7255859375,9792.695,9790.257,9880.429,9701.635,9713.536,9741.806,9757.522,9754.25,9706.097,9849.824,9760.964,9791.549
9853.46484375,9709.314,9913.603,9807.772,9813.006,9708.982,9821.511,9784.441,9779.198,9767.013,9823.617,9811.4,9760.769
1060.3187255859375,1060.4569,1064.0773,1065.352,1061.0425,1057.7369,1059.5306,1058.474,1065.1583,1057.6543,1061.4542,1063.5713,1054.7844
1788.3187255859375,1788.4569,1792.0773,1793.352,1789.0425,1785.7369,1787.5306,1786.474,1793.1583,1785.6543,1789.4542,1791.5713,1782.7844
7682.1162109375,7304.814,7316.2686,7520.616,7089.5586,7032.778,7190.823,7164.2085,7145.611,7155.332,7285.4824,7194.329,7376.4624
7745.236328125,7627.87,7621.5737,7631.35,7708.4297,7653.333,7747.3228,7571.2554,7661.4556,7809.817,7742.6724,7557.1387,7592.013
27110.322265625,27292.332,27595.994,27907.793,27738.227,27575.107,27623.135,27201.883,27183.082,27322.65,27266.498,27143.43,27341.355
1716.7801513671875,1728.2712,1802.2307,1807.4685,1793.9595,1756.259,1783.0215,1726.2725,1894.2753,1728.5637,1797.1068,1823.466,1735.792
1878.2889404296875,1886.2305,1936.9371,1997.7002,1988.1667,1940.3368,1995.606,1951.4146,2050.2727,1973.0128,2004.8506,1929.9628,1925.9092
2825.34619140625,2835.6406,2959.2031,3040.5618,3026.4858,2934.6526,2983.7874,2927.8557,3146.649,2948.0254,3002.0723,2964.3425,2877.3088
1271.096435546875,1287.5338,1333.8611,1380.1907,1357.272,1338.1636,1376.4579,1283.5044,1454.7668,1330.8492,1373.9838,1338.4835,1257.763
7825.337890625,7718.9663,8011.6216,8077.3184,7979.5273,7725.749,7831.2417,7852.1006,7943.8247,7927.1367,7918.2617,7870.621,7874.827
469.81854248046875,462.08694,484.82355,498.2565,497.29425,476.21814,479.8587,485.6637,498.57327,486.75745,485.96127,477.78888,476.70734
2988.080078125,3012.5103,3023.6602,3085.899,3047.289,3036.0642,3094.37,3028.6365,3125.3484,3053.2715,3087.7952,3038.7874,3043.6597
546.609375,546.2709,561.46875,548.04596,550.07306,534.4418,555.4671,521.33496,587.6697,536.46826,556.2533,565.60535,521.9543
1897.243896484375,1906.9513,1933.1963,1938.1803,1926.3263,1903.6891,1950.951,1869.323,2009.5563,1904.3275,1948.9116,1947.5795,1862.6017
998.2928466796875,1031.1053,1065.1582,1055.0458,1049.0243,1042.0145,1077.7993,986.57,1152.622,1024.0613,1073.9469,1093.8497,998.0057
1794.34228515625,1801.8911,1874.8749,1879.3789,1871.408,1843.3241,1895.2725,1814.7404,1984.6814,1836.8252,1888.3381,1886.3422,1803.8201
427.8446350097656,426.02475,446.29715,412.6532,414.83557,372.87317,425.58673,346.90942,497.4852,360.10898,436.78653,458.65607,357.63293
3122.427001953125,3127.5474,3230.1145,3257.9456,3281.4067,3171.7935,3222.875,3172.2834,3361.7502,3220.0298,3256.584,3235.5159,3133.4578
1008.5446166992188,1008.3523,1081.0844,1148.7029,1145.1027,1083.5504,1133.0283,1073.2368,1188.9324,1112.3756,1154.9465,1051.4254,1028.2849
351.89019775390625,347.72052,369.4087,378.42657,376.55463,363.38864,379.89148,357.31982,394.68848,368.5542,381.56317,365.8653,350.45807
3576.701416015625,3583.8428,3813.5188,3767.6482,3832.092,3655.5732,3776.1262,3607.35,4115.775,3688.936,3835.3833,3896.816,3609.321
2449.723388671875,2432.4548,2482.5588,2488.3872,2494.4673,2423.309,2504.1223,2410.774,2530.734,2471.739,2513.7917,2484.2593,2419.899
960.3050537109375,969.95325,1021.1285,1047.729,1043.5613,995.71844,1034.0417,975.7519,1099.5262,1007.91925,1041.2786,1029.1836,957.8429
1438.8643798828125,1427.1017,1478.4299,1508.6323,1522.0239,1462.277,1507.3461,1469.5831,1524.6295,1512.5977,1543.0085,1461.8281,1460.7786
1125.21044921875,1098.4335,1160.5731,1163.1775,1171.1278,1115.9446,1177.4003,1103.1312,1212.0836,1154.8483,1204.7521,1154.3632,1104.3757
774.773193359375,778.94586,795.3445,784.7176,782.77814,767.60754,799.2103,739.7355,830.58044,764.52216,801.19574,800.02136,745.1798
2303.8212890625,2287.5544,2376.678,2383.742,2369.6284,2311.7983,2388.457,2270.754,2494.3481,2317.9758,2414.5408,2392.1394,2253.5117
1124.48974609375,1158.4808,1198.9507,1194.4669,1171.4109,1152.065,1235.2605,1062.5957,1325.2677,1122.6213,1235.6837,1224.4666,1088.5818
4109.92626953125,4061.1533,4161.014,4028.259,4071.2651,3980.615,4087.9841,3924.35,4200.85,3993.209,4104.712,4124.9907,3960.3384
16898.873046875,16922.584,17158.963,17314.73,16978.246,16850.453,16893.648,16596.646,16540.723,16673.916,16760.826,16879.607,16710.137
22451.17578125,22775.72,22849.438,23005.83,22854.027,22840.146,22843.822,22548.518,23535.418,22543.342,23081.191,23091.996,22570.99
3354.5859375,3277.6284,3293.5005,3348.128,3294.6812,3253.6304,3260.3826,3294.576,3300.1138,3253.73,3267.7688,3261.5527,3270.867
6735.3740234375,6771.778,6802.419,6782.421,6775.887,6763.1143,6798.8804,6669.5845,6893.218,6719.298,6801.824,6819.755,6700.2065
8663.283203125,8671.405,8664.169,8657.829,8582.757,8604.336,8652.35,8579.051,8564.164,8606.269,8650.357,8619.804,8625.309
12400.7880859375,12361.1455,12370.347,12393.339,12294.446,12297.065,12310.433,12291.579,12275.592,12292.332,12339.616,12313.785,12337.756
6003.7841796875,5939.7935,5966.9126,6025.721,5934.631,5906.883,5898.8706,5930.9136,5913.966,5896.0547,5920.342,5926.4775,5941.8525
1938.2431640625,1923.2233,1932.3625,1941.1777,1916.0176,1905.6499,1905.0183,1911.315,1905.8464,1896.4015,1912.9424,1914.476,1915.0583
2612.486572265625,2443.6094,2484.332,2488.3752,2520.9146,2226.661,2381.6282,2349.7642,2577.6833,2424.4038,2473.2844,2422.969,2254.4546
4019.016357421875,4017.319,4017.8755,4019.1191,4015.9954,4016.0361,4016.1582,4015.9233,4015.4937,4015.8071,4017.233,4016.39,4017.6484
2149.6630859375,2141.9465,2144.0205,2160.2266,2146.4033,2136.9626,2143.1401,2139.9314,2140.171,2132.8145,2142.9224,2137.3362,2146.7717
6945.0341796875,6623.0776,6671.3647,6675.294,6735.1616,6353.8936,6746.801,6569.6685,7002.7637,6647.741,6827.79,6548.566,6442.892
628.4666137695312,628.8591,670.5932,814.15,573.25867,592.6911,624.62854,687.4129,647.43585,578.20575,562.07654,687.1968,668.1615
4712.00927734375,4678.278,4682.1123,4684.74,4689.5967,4651.1294,4690.6904,4675.1045,4714.412,4681.3916,4699.428,4669.8027,4662.607
4393.494140625,4394.216,4393.8286,4392.843,4393.5127,4392.073,4396.385,4388.633,4398.5576,4390.382,4398.1074,4394.426,4391.78
2538.608154296875,2432.2786,2535.1987,2587.0479,2458.337,2440.3662,2387.0315,2408.929,2422.2205,2442.8706,2467.9253,2437.161,2472.7095
3975.89990234375,3900.599,3903.5967,3911.092,3910.3298,3845.8218,3839.9785,3874.5798,3861.2434,3871.1335,3913.715,3852.4143,3857.3135
2230.863525390625,2189.9946,2240.516,2281.9836,2231.6233,2186.596,2218.6187,2234.036,2273.6917,2208.2893,2233.3452,2222.6243,2250.6172
2184.2412109375,2151.246,2220.0188,2235.8367,2224.7756,2174.9377,2191.124,2211.9768,2270.653,2177.7004,2219.7185,2201.1594,2212.6196
3297.51806640625,3213.7551,3184.6506,3223.9688,3188.6375,3122.017,3161.5498,3102.2395,3116.653,3119.6353,3151.057,3127.4724,3132.1846
1389.415771484375,1364.7201,1401.3293,1429.9486,1393.3694,1360.456,1389.4777,1398.0508,1428.023,1382.4647,1396.3875,1390.9945,1409.9044
1298.44482421875,1276.1016,1334.1768,1332.8181,1337.2875,1297.221,1312.5195,1319.727,1370.1772,1298.3472,1329.4906,1316.7898,1318.4767
7851.9287109375,7742.3154,7691.7764,7672.3364,7664.411,7645.18,7691.705,7615.8945,7608.1978,7621.3755,7699.107,7627.3984,7579.3906
7580.7451171875,7418.8467,7373.26,7356.2227,7336.2437,7302.7803,7368.4175,7295.872,7254.279,7283.942,7369.079,7295.5215,7252.388
992.2566528320312,986.7847,991.18884,995.2526,988.5476,986.2669,983.9821,984.6143,985.38153,988.7468,989.84174,986.32684,989.5668
6636.4345703125,6490.6577,6594.442,6690.085,6410.092,6377.2744,6376.0225,6389.998,6364.3335,6339.482,6450.7207,6451.163,6500.2515
841.9326171875,826.06525,840.07715,853.1374,839.31067,826.14307,827.53033,835.16266,846.0406,825.5994,837.49365,829.835,839.11536
8907.970703125,8777.601,8919.886,9082.384,8881.352,8811.656,8797.429,8898.383,9009.918,8803.705,8914.38,8868.611,8950.078
11689.0634765625,11422.864,11682.719,11862.952,11330.192,11270.114,11227.491,11227.614,11206.05,11196.799,11379.189,11372.967,11504.833
3192.524658203125,3207.0735,3222.2122,3228.9385,3212.5815,3207.8303,3225.848,3197.793,3253.4175,3192.146,3222.7727,3222.434,3205.1665
1344.6861572265625,1321.5575,1355.382,1383.5142,1347.8208,1316.615,1345.6736,1352.9148,1381.1779,1339.0872,1352.1042,1346.0944,1365.3291
1253.0712890625,1231.1965,1287.4349,1285.531,1290.2186,1251.5428,1266.5995,1273.038,1321.5349,1252.2551,1282.5189,1270.2244,1272.5568
5438.84228515625,5409.0444,5427.502,5446.751,5395.0557,5385.904,5384.24,5383.1187,5381.1665,5383.146,5403.1426,5401.896,5412.053
1745.67333984375,1727.8795,1756.2975,1705.4427,1741.4005,1699.3965,1744.8018,1689.452,1770.0961,1717.4117,1749.2852,1739.3893,1708.3956
2147.797119140625,2151.3076,2168.54,2166.5522,2167.0383,2156.5713,2174.9897,2147.122,2191.2683,2151.3818,2176.2415,2170.312,2151.5464
349.4111633300781,340.6813,341.3216,347.11438,339.31848,334.18085,338.6739,339.04474,337.995,333.60214,338.08224,338.1614,340.16885
569.7128295898438,566.43475,566.4091,565.56415,566.00665,563.22,566.5397,562.1009,563.27325,566.2543,567.6486,564.5979,562.9097
1218.748046875,1480.2811,956.2159,1012.01196,811.4294,785.5614,1113.3878,78.88635,1431.4491,419.1255,1100.9502,1033.3696,186.06421
10859.7451171875,10663.169,10773.596,10927.143,10587.8125,10490.899,10476.8125,10490.402,10440.955,10320.045,10456.673,10573.077,10542.184
2222.744873046875,2218.1533,2234.4094,2252.0178,2231.102,2226.2747,2216.9114,2229.596,2224.847,2221.577,2223.482,2210.7925,2230.3916
7844.2919921875,7827.277,7831.8296,7845.2524,7814.3438,7813.308,7815.475,7806.5796,7803.737,7812.136,7825.629,7808.754,7822.858
10029.7333984375,9967.175,10014.175,10132.163,9920.604,9871.603,9932.563,9912.669,9890.735,9876.167,9932.929,9958.043,10014.1875
15498.849609375,15101.381,14966.102,15160.287,14890.596,14871.694,15114.301,14959.984,14967.287,15150.643,15202.693,14939.676,15182.222
9173.697265625,9136.461,9239.6,9492.059,8952.859,8963.826,8964.04,9021.59,8902.955,9079.892,9113.863,9053.827,9223.433
19563.587890625,19454.387,19686.764,20161.16,19161.443,19119.734,19062.81,19224.346,19003.395,19143.287,19278.53,19319.154,19510.566
1791.238037109375,1730.2792,1765.7249,1726.2806,1742.9004,1687.468,1701.8445,1697.0442,1722.0853,1719.9946,1768.3049,1708.8881,1684.1804
1551.9049072265625,1534.1257,1537.5879,1543.7018,1491.2053,1491.9363,1509.9374,1503.178,1517.2432,1522.262,1515.8066,1511.5908,1498.9188
3000.492919921875,2811.9314,2748.5193,2698.5806,2691.3882,2557.2305,2657.397,2582.0535,2553.4126,2467.7327,2701.4612,2658.5938,2544.5623
3206.13427734375,2970.3452,3014.059,3107.8105,2988.851,2814.1792,2834.1213,2948.5605,2869.2358,2720.7036,2879.3625,2868.353,2799.122
5552.1416015625,5116.6846,5305.5107,5278.2812,5138.514,5008.942,5075.947,5091.411,5035.7935,4860.64,4944.5664,4938.648,4931.6978
3679.765380859375,3465.5947,3457.293,3357.132,3373.646,3084.9314,3269.2275,3116.7712,3329.7126,2961.8262,3272.8772,3294.1785,2931.0967
3412.39990234375,3229.2876,3252.0476,3274.7092,3190.1233,3066.4453,3006.975,3034.319,3058.2866,2886.5325,3035.4875,3055.1023,2941.239
1958.983154296875,1768.7883,1792.4727,1711.9294,1728.9885,1567.648,1675.4618,1684.8313,1736.5841,1566.5889,1740.986,1713.0656,1579.9669
2639.744384765625,2482.2,2524.065,2338.8833,2386.7407,2174.5571,2330.1536,2250.949,2437.0186,2125.5806,2354.5015,2357.8628,2112.857
2969.317626953125,2749.8926,2826.309,2836.4333,2851.0925,2616.3933,2572.462,2700.3484,2780.1958,2518.4668,2662.0767,2712.5452,2651.2708
5551.26416015625,5213.9404,5274.733,5245.1016,5245.2417,4861.257,5019.3955,5028.8604,5220.857,4723.7305,5070.863,5092.335,4749.985
3177.566162109375,2904.3506,2953.4126,2909.663,2860.6663,2647.3164,2730.1653,2814.239,2799.9304,2595.4482,2811.2888,2802.2285,2621.106
3154.20361328125,3123.597,3052.3298,3059.7502,2961.0068,2950.4465,2946.306,2672.459,2965.4536,2756.3633,2932.393,2859.381,2604.7039
2497.796875,2332.6987,2392.0437,2332.1401,2341.9673,2183.4368,2259.9424,2230.4265,2417.9624,2143.637,2321.1074,2305.972,2144.3723
3532.097412109375,3295.7578,3345.6194,3391.709,3331.5886,3107.2334,3146.3425,3232.8413,3217.7815,2969.785,3169.573,3164.8564,3039.6467
2325.29296875,2201.658,2243.0327,2223.4932,2219.2993,2088.8186,2126.0034,2154.1367,2216.001,2014.238,2170.6133,2180.2979,2040.2227
6332.0,5682.715,5905.877,5717.634,5651.3257,5137.106,5498.6714,5647.6978,5523.707,5041.71,5544.103,5499.785,5280.4644
4780.3447265625,4324.4976,4498.7656,4189.7046,4141.3975,3747.2402,3996.6614,4055.4763,4144.1016,3656.0022,4123.7617,4203.0576,3798.7925
4908.2275390625,4450.033,4588.7456,4521.2246,4360.7983,4073.2917,4181.433,4319.3447,4319.3403,3914.226,4268.835,4330.614,4074.894
4191.62890625,3850.96,3943.0796,3912.0168,3773.2046,3557.0435,3559.691,3753.9377,3606.222,3462.0728,3632.9197,3679.37,3586.586
2300.258544921875,2271.8167,2010.5148,1981.1925,2029.8087,1874.691,1911.58,1625.9028,2019.617,1664.6409,2024.8846,1969.7236,1596.9799
8421.6181640625,7347.786,7720.552,7398.117,7158.1045,6350.593,6956.2314,7228.931,7042.189,6366.211,7050.8955,7074.5425,6890.094
5188.671875,4877.5596,4949.698,4826.671,4766.4194,4530.8647,4549.326,4563.2524,4549.393,4328.548,4510.733,4580.5464,4447.6426
3004.787109375,2694.6328,2807.8247,2590.7498,2590.794,2325.6182,2560.4126,2573.145,2573.856,2300.8518,2600.0266,2590.0999,2372.9739
3832.624267578125,3847.3687,3994.1643,3613.8567,3712.9644,3529.9795,3785.9124,3485.1924,3913.7417,3529.2358,3667.2922,3728.1394,3292.0933
3455.850341796875,3516.3535,3324.1436,3421.886,3464.8804,3550.614,3597.6743,3362.093,3452.4673,3494.526,3518.9587,3305.0276,3263.963
2326.825439453125,2171.8677,2188.572,2068.8992,2056.189,1950.8134,2035.9088,2040.1615,2028.5223,1907.2047,2026.6642,2044.4039,1901.2883
2248.60107421875,1863.568,1953.1876,1798.1256,1835.7177,1491.7418,1736.3591,1758.3038,1804.0527,1578.2416,1880.2262,1800.7017,1642.5382
5964.7822265625,5745.638,5731.5166,5669.517,5581.039,5336.108,5307.114,5317.7173,5407.9854,5185.625,5306.361,5377.4785,5061.305
2243.40087890625,2100.4023,2180.6316,2036.6354,2035.1969,1900.4248,2003.8433,2017.8124,2085.3076,1908.5325,2030.8408,2044.8068,1896.6096
4193.78173828125,4029.49,4076.1143,4091.9514,4032.0815,3758.2075,3713.9712,3660.1875,3865.1448,3612.3093,3715.0225,3797.708,3692.7698
2339.7177734375,2288.5054,2278.7993,2348.7988,2283.1035,2200.3384,2192.1968,2204.8062,2189.4106,2222.6594,2182.353,2228.0486,2119.042
4070.2998046875,3788.2048,3858.143,3992.1685,3718.928,3541.3667,3616.3904,3711.4153,3642.38,3537.8828,3711.3315,3604.2402,3680.7246
3529.10791015625,3331.868,3378.4758,3365.8271,3264.4692,3150.9014,3065.915,3062.4321,3171.1797,3031.7705,3104.891,3126.8328,3026.8115
8650.642578125,8181.918,8354.535,8291.373,8163.254,7739.784,7729.481,8078.9834,8080.3057,7701.5703,7908.773,7877.5674,7712.623
2526.6044921875,2312.2275,2411.2983,2346.9724,2339.6548,2131.3025,2239.7334,2319.764,2341.3982,2125.3906,2282.902,2258.3618,2215.5833
9567.005859375,8782.761,8988.712,8822.868,8564.7,7952.819,8222.987,8545.512,8343.278,7830.864,8336.153,8317.082,8068.2427
3456.065673828125,3365.3965,3343.225,3352.9006,3300.0562,3216.3513,3151.8787,3229.3901,3253.325,3081.3818,3192.7925,3197.3303,3095.1714
5956.8466796875,5649.8516,5671.987,5530.644,5429.9727,5176.2188,5237.739,5381.8984,5390.8384,5017.2373,5289.8027,5382.032,5068.62
3019.079833984375,2868.1555,2898.8787,2831.2324,2758.4065,2689.9006,2722.816,2714.548,2802.65,2629.7673,2759.1624,2791.3552,2612.8171
2497.628173828125,2351.1238,2415.685,2350.077,2323.9426,2218.6562,2186.7537,2266.5413,2238.368,2158.3125,2248.1125,2238.7048,2186.7856
3536.879150390625,3322.1035,3341.912,3349.4197,3360.115,3122.3704,3113.661,3144.9468,3385.61,3202.6143,3248.6865,3198.3708,3049.9707
4045.3154296875,3780.6077,3927.082,3982.6104,3821.9314,3644.1665,3575.1648,3726.8271,3670.2935,3616.3037,3654.4219,3673.7588,3617.1702
1692.1795654296875,1526.1805,1579.4965,1518.3801,1500.26,1344.7831,1378.294,1388.8484,1437.6693,1264.3646,1390.1096,1456.9143,1310.8629
1601.0869140625,1504.5463,1577.0555,1542.6365,1508.6057,1420.9716,1519.038,1485.0352,1591.8418,1431.1594,1512.6934,1528.1338,1461.25
2163.5654296875,2010.3457,2023.4971,1950.7435,1920.676,1795.665,1888.0701,1900.4211,1939.3245,1760.2148,1913.7767,1931.294,1790.64
4034.74658203125,3711.6177,3795.264,3608.875,3602.3657,3353.2524,3477.69,3544.0679,3537.1138,3270.3337,3575.4924,3548.4197,3350.2063
6389.74951171875,5709.144,5918.405,5674.5947,5698.6045,5088.1655,5491.6797,5617.8237,5650.4673,5049.6626,5605.778,5531.668,5266.926
5194.47021484375,4779.295,4847.8613,4767.877,4676.734,4414.186,4451.839,4499.231,4472.8403,4238.9033,4567.6255,4492.0,4323.744
1317.391845703125,1236.7509,1263.2657,1197.1006,1205.6179,1114.7089,1180.3994,1159.6189,1208.1155,1111.6578,1152.192,1152.7064,1117.1884
3581.879638671875,3379.7483,3372.8687,3283.2585,3262.3184,3098.936,3156.1858,3180.6316,3213.5647,3006.2092,3177.6472,3230.0986,2986.4329
3611.638916015625,3293.4912,3300.9512,3332.625,3273.3032,3017.931,3142.4062,3151.4043,3206.5454,2892.1704,3187.984,3173.711,3037.747
3361.140869140625,3005.8071,3215.313,3322.6768,2976.6125,2757.3179,2914.599,3041.1804,2900.1929,2686.8801,2968.0996,2977.9648,2995.8896
6253.66455078125,5812.714,5727.932,5463.501,5505.0127,5035.4424,5418.251,5065.641,5794.337,4823.534,5601.79,5552.278,4895.3394
3719.711669921875,3465.829,3554.3687,3456.4321,3434.6313,3229.4111,3314.7485,3371.9521,3500.3389,3169.743,3380.591,3390.2075,3158.1719
4309.294921875,4150.9585,4167.7617,4163.9917,4079.191,3967.6787,3829.8975,3911.2605,4033.9106,3793.8862,3900.7354,3979.815,3748.5825
3346.662841796875,3168.312,3135.469,3129.347,3055.157,2963.976,3027.6794,2925.3188,2897.1853,2875.323,3026.7788,3023.7314,2965.0686
5820.70654296875,5453.4062,5582.51,5800.9023,5473.13,5145.4443,5295.598,5656.002,5352.533,5231.3496,5342.1797,5343.623,5482.3447
1761.794921875,1654.7163,1659.7136,1565.5365,1587.9744,1466.1677,1572.6034,1478.4015,1605.0249,1443.7673,1585.3378,1556.6068,1410.8646
1300.037109375,1230.7292,1217.8771,1215.651,1186.619,1151.2686,1176.0316,1136.1605,1125.1948,1116.7605,1175.6257,1174.4508,1151.6741
1845.00146484375,1677.0122,1684.6105,1682.1694,1636.6971,1525.9534,1605.4298,1606.2847,1565.9813,1509.7668,1622.7277,1591.4001,1560.4441
3255.8671875,3199.7578,3217.744,3228.2817,3181.305,3113.8677,3145.3652,3144.9404,3229.544,3044.1824,3126.366,3093.6409,3081.4917
2694.33349609375,2550.7588,2524.228,2519.3916,2459.606,2386.1516,2437.4458,2355.1345,2332.4685,2314.817,2436.6255,2434.2817,2387.0461
4154.3310546875,4161.6455,4110.671,4161.449,4114.7427,4105.9746,3912.5356,3888.341,3923.5315,3880.1897,3875.1978,3906.6265,3832.1438
3630.276123046875,3402.1064,3409.975,3325.4668,3327.1433,3132.004,3253.3538,3234.984,3317.4478,3072.9075,3312.6353,3284.7073,3084.668
5563.58154296875,5244.527,5307.5024,5286.536,5213.2466,4990.6245,4973.015,5083.016,5075.5425,4848.5107,5047.452,5045.1724,4985.088
4049.539794921875,3655.4302,3690.6733,3642.7444,3582.5105,3250.8909,3378.9033,3441.939,3363.3083,3109.1292,3476.6333,3460.3987,3323.9597
